t,ppo_mean,ppo_std,ppo_ci_lo,ppo_ci_hi,caetc_mean
1,2.1071474500000003,0.01283216545917582,2.0979678718202206,2.11632702817978,2.380283
2,4.32971886,0.08249686625488252,4.270704157003632,4.388733562996368,4.72479
3,6.560507339999999,0.19812196573694607,6.418779423585591,6.702235256414407,6.455953
4,8.79638435,0.30292798298642704,8.579682725358897,9.013085974641104,7.727269
5,10.978831150000001,0.4498251458235406,10.65704562545587,11.300616674544132,8.82974
6,13.2775891,0.5564472255993475,12.87953073435929,13.67564746564071,10.060256
7,15.4577819,0.6349685064210229,15.003552793857843,15.912011006142158,11.648862
8,17.602689899999998,0.7580930610382356,17.060382793417855,18.14499700658214,12.942964
9,19.708009699999998,0.8682107124123538,19.08692917103811,20.329090228961885,14.327898
10,21.801051899999997,1.0350477172340575,21.060623367467443,22.541480432532552,15.616877
11,23.983380699999998,1.105461367761599,23.19258127628796,24.774180123712036,16.889914
12,26.032863499999998,1.1872789645976445,25.183535293361373,26.882191706638622,18.48473
13,27.981469299999997,1.283532400842911,27.063285533019915,28.89965306698008,20.313816
14,30.1156183,1.3720390470355548,29.13412069244171,31.097115907558294,21.964703
15,32.0076867,1.4838181172469334,30.946227162623018,33.069146237376984,23.52691
16,34.031685700000004,1.5747239680414575,32.90519603446402,35.15817536553599,24.812561
17,36.078251,1.7022553862619374,34.860530853711765,37.29597114628824,26.116364
18,38.225552099999994,1.7801162377599855,36.95213365588787,39.49897054411212,27.26875
19,40.286079799999996,1.848632269839023,38.96364793917043,41.60851166082956,28.734533
20,42.3196049,1.9519090101911594,40.92329330973339,43.715916490266615,30.522034
21,44.3782063,2.0909707520268097,42.88241593235495,45.87399666764505,32.62931
22,46.4077124,2.196560058740999,44.8363879926003,47.9790368073997,34.66746
23,48.5149816,2.2979348332760385,46.871138047545436,50.15882515245456,36.49393
24,50.692265500000005,2.3438999051155105,49.01554051597164,52.36899048402837,38.107132
25,52.827134,2.3860540196236126,51.12025377904319,54.53401422095681,39.526905
26,54.9732071,2.412938521467524,53.24709486498556,56.699319335014444,40.946682
27,57.127095999999995,2.536527656570516,55.312573423686686,58.9416185763133,42.689472
28,59.292289900000014,2.5976078555667943,57.43407318151666,61.15050661848337,44.432274
29,61.438782700000004,2.6751465869061413,59.52509811457284,63.35246728542717,46.245342
30,63.57765440000001,2.711795916954265,61.63775246322372,65.5175563367763,48.05842
31,65.76227970000001,2.762230370435298,63.786299128627206,67.73826027137281,49.848766
32,67.9065914,2.8072043582723696,65.89843837583891,69.91474442416109,51.63912
33,70.02921099999999,2.8685453451214604,67.97717727727735,72.08124472272263,53.338707
34,72.24223500000002,2.934572467336598,70.14296831941941,74.34150168058063,55.038284
35,74.4784295,3.0173053283282494,72.3199792959583,76.6368797040417,56.680054
36,76.680974,3.115880382884321,74.45200744992519,78.90994055007482,58.321827
37,78.8143215,3.1923820449418234,76.53062895765412,81.0980140423459,59.88063
38,80.9342671,3.2893215269724108,78.58122822972231,83.28730597027769,61.439407
39,83.08802709999999,3.392445284116801,80.66121793787943,85.51483626212055,62.90692
40,85.24257539999999,3.500147616642225,82.73872063051822,87.74643016948177,64.37446
41,87.40822440000001,3.597432191465221,84.83477643807419,89.98167236192583,65.94056
42,89.4907675,3.6700804433559524,86.86535010937745,92.11618489062256,67.50666
43,91.62972679999999,3.790471692883056,88.91818669760977,94.3412669023902,69.011284
44,93.74223850000001,3.8995262925379692,90.9526854366188,96.53179156338123,70.51592
45,95.89138270000001,4.036742695711126,93.00367093499642,98.7790944650036,72.12263
46,98.067881,4.1374452051934165,95.10813099938967,101.02763100061033,73.729324
47,100.2062514,4.255948820171678,97.16172902003248,103.25077377996752,75.10501
48,102.3771429,4.3814987289035265,99.24280752577717,105.51147827422282,76.48068
49,104.49758339999998,4.489827094043704,101.28575458166162,107.70941221833834,78.09932
50,106.61190289999999,4.621601465886628,103.30580837473384,109.91799742526614,79.71797
51,108.7608475,4.738513413469984,105.37111920563962,112.15057579436038,81.18896
52,110.90932950000001,4.845287932972984,107.44321931573145,114.37543968426857,82.65994
53,113.0095021,4.9776826818296005,109.44868241782262,116.57032178217739,84.15872
54,115.14339940000002,5.11333594710442,111.48553921769083,118.80125958230921,85.65751
55,117.22652249999999,5.266794606009982,113.4588846062617,120.99416039373827,87.10567
56,119.3860402,5.3607160328752474,115.55121496493503,123.22086543506497,88.55382
57,121.46265760000001,5.491135770386045,117.53453570503181,125.39077949496821,89.99284
58,123.53569239999999,5.601092446149714,119.52891223766667,127.5424725623333,91.43187
59,125.71792549999998,5.735017854118508,121.61534087219124,129.82051012780872,92.99135
60,127.82082199999999,5.855288510548698,123.63220092752829,132.0094430724717,94.55082
61,129.95755559999998,5.981713086403916,125.67849583410583,134.23661536589412,96.223366
62,132.10258100000001,6.097528752263217,127.74067169771384,136.4644903022862,97.89591
63,134.2236296,6.225512486857913,129.7701662493196,138.67709295068042,99.297775
64,136.373897,6.366615479722768,131.81949464892057,140.92829935107943,100.69961
65,138.439052,6.479073408851332,133.80420209268732,143.0739019073127,102.305695
66,140.605285,6.61345427485222,135.87430481216325,145.33626518783677,103.91179
67,142.70330499999997,6.745720371875707,137.8777073462317,147.52890265376826,105.59887
68,144.914674,6.877793135836524,139.9945971824417,149.83475081755827,107.28594
69,147.053471,6.991641807384412,142.05195174901434,152.05499025098567,108.724846
70,149.21013599999998,7.144670567420173,144.0991465687106,154.32112543128935,110.163765
71,151.371673,7.260768798392649,146.17763189741348,156.5657141025865,111.773285
72,153.475284,7.426808276386592,148.16246541016676,158.78810258983322,113.38283
73,155.637288,7.546109522381272,150.23912643995357,161.03544956004646,114.77714
74,157.71832799999999,7.667226464995597,152.23352459862434,163.20313140137563,116.171455
75,159.859379,7.787800953307895,154.28832180572627,165.4304361942737,117.65946
76,162.06983899999997,7.91699695715694,156.406360552149,167.73331744785094,119.14745
77,164.189194,8.021399801032514,158.45103025677966,169.9273577432203,121.026886
78,166.310718,8.148223632005527,160.4818299534515,172.13960604654852,122.9063
79,168.429183,8.292955674730552,162.49675988717289,174.3616061128271,124.66159
80,170.58646,8.418844409537448,164.56398151134485,176.60893848865513,126.41691
81,172.692144,8.531148048296899,166.58932832779266,178.79495967220737,127.89187
82,174.83140800000004,8.679837743757144,168.62222612729855,181.04058987270153,129.3668
83,176.99419,8.81102097003898,170.69116530043027,183.29721469956974,131.06927
84,179.031673,9.008156165547417,172.58762627691345,185.47571972308657,132.77177
85,181.181547,9.128620181607166,174.65132551110412,187.71176848889587,134.27138
86,183.36557399999998,9.251563819943811,176.74740393037484,189.98374406962512,135.771
87,185.54244,9.371728677659567,178.8383091695529,192.2465708304471,137.45609
88,187.639695,9.538562684700514,180.8162183104654,194.4631716895346,139.14122
89,189.79812599999997,9.667455045590623,182.88244526997576,196.71380673002417,140.66327
90,191.94711800000002,9.783196180539818,184.94864104978504,198.945594950215,142.18529
91,194.09041,9.899049096205601,187.00905686648665,201.17176313351334,143.80673
92,196.22044700000004,10.002622446339927,189.0650019551936,203.37589204480648,145.42816
93,198.35911800000002,10.129102169857783,191.11319481150983,205.60504118849022,147.01154
94,200.48573599999997,10.268009960319802,193.14044416430963,207.83102783569032,148.5949
95,202.572531,10.436133597522753,195.1069707593796,210.0380912406204,150.23016
96,204.710803,10.546818425066023,197.16606360361038,212.25554239638961,151.86542
97,206.85254700000002,10.67123981874235,199.21880190039354,214.4862920996065,153.59279
98,208.984495,10.78502790133747,201.26935080969196,216.69963919030806,155.32018
99,211.110603,10.896252945167332,203.31589320647134,218.90531279352865,157.06812
100,213.25870300000003,11.018124682902206,205.3768114172401,221.14059458275995,158.81602
101,215.41200200000003,11.150206456159157,207.43562480858787,223.38837919141218,160.29707
102,217.593956,11.283847383013377,209.52197784864236,225.66593415135762,161.77806
103,219.70230199999997,11.396354792195426,211.54984089651109,227.85476310348886,163.65082
104,221.79395800000003,11.500545144437284,213.56696360849944,230.02095239150063,165.52357
105,223.976839,11.64205265202686,215.6486162356985,232.3050617643015,167.208
106,226.11791500000004,11.756451583896162,217.70785616975016,234.52797383024992,168.89246
107,228.25341299999997,11.91381414681671,219.73078377362364,236.7760422263763,170.54411
108,230.39257400000002,12.063406462595141,221.76293287745145,239.0222151225486,172.19577
109,232.50959400000002,12.182701627487317,223.79461425739692,241.22457374260313,173.7138
110,234.69797200000002,12.302115520118932,225.89756870463404,243.498375295366,175.23189
111,236.82331400000004,12.444507867484,227.9210493555891,245.72557864441097,176.73204
112,239.02101700000003,12.566923336642327,230.03118160432902,248.01085239567104,178.23218
113,241.16922599999998,12.66392170019242,232.11000215509557,250.2284498449044,180.15207
114,243.30059999999995,12.778844823931987,234.15916510487273,252.44203489512716,182.07193
115,245.408104,12.912771170205618,236.17086396817453,254.6453440318255,183.816
116,247.52765999999997,13.029693501746102,238.2067787708448,256.84854122915516,185.5601
117,249.69802599999997,13.15219106633162,240.28951529205398,259.10653670794596,187.12561
118,251.81333800000002,13.249857697172786,242.3349607931989,261.29171520680114,188.69112
119,253.850749,13.3599943002603,244.29358481358008,263.40791318641993,190.23137
120,255.99881499999998,13.471847152052758,246.36163610359782,265.63599389640217,191.77165
121,258.127774,13.569327194498632,248.42086208203986,267.83468591796014,193.262
122,260.24232799999993,13.715367427205951,250.43094519302304,270.0537108069768,194.75237
123,262.353126,13.875852080358248,252.4269393880883,272.2793126119117,196.39668
124,264.479161,14.014234076774665,254.45398187128978,274.50434012871017,198.041
125,266.612786,14.133908665646116,256.50199682767146,276.7235751723286,199.6293
126,268.712566,14.270543473598725,258.50403417420654,278.9210978257934,201.21758
127,270.903975,14.391215667026614,260.6091194872793,281.1988305127207,202.63113
128,273.05539400000004,14.49596611476387,262.68560453108694,283.42518346891313,204.04465
129,275.16941299999996,14.627730013516608,264.7053653161565,285.63346068384345,205.7341
130,277.340421,14.744582218739376,266.7927822841725,287.88805971582747,207.42363
131,279.435018,14.825862836768874,268.8292346327436,290.04080136725645,209.15535
132,281.57962499999996,14.949477505713295,270.8854130256349,292.27383697436505,210.88707
133,283.707529,15.07215266624104,272.9255605023603,294.4894974976397,212.44925
134,285.85129599999993,15.178184760427413,274.99347671152947,296.7091152884704,214.01143
135,287.98531199999996,15.329479311539146,277.019263109556,298.95136089044394,215.57182
136,290.06775899999997,15.47565854822373,278.99713978308415,301.1383782169158,217.13222
137,292.161891,15.61491626789551,280.9916528116073,303.33212918839274,218.69696
138,294.32285199999995,15.733570455992641,283.0677337187296,305.5779702812703,220.26175
139,296.38601100000005,15.891908676147425,285.01762437946286,307.75439762053725,222.0303
140,298.54210499999994,16.033860707800876,287.07217201330286,310.012037986697,223.79889
141,300.670177,16.176574944393472,289.09815239857613,312.2422016014239,225.52414
142,302.787208,16.298587987993724,291.1279005252182,314.44651547478185,227.24936
143,304.957469,16.442419505118426,293.19527065614676,316.71966734385325,228.5514
144,307.12203100000005,16.56186633343292,295.27438554261573,318.96967645738437,229.85341
145,309.280305,16.708443068913954,297.3278048626347,321.2328051373653,231.63608
146,311.383929,16.835749004732268,299.3403596822761,323.427498317724,233.41873
147,313.547678,16.96744941366839,301.40989588522444,325.6854601147756,235.06752
148,315.6889399999999,17.11469885830955,303.4458219780999,327.9320580218999,236.71631
149,317.87551999999994,17.24053977830419,305.54238080692807,330.2086591930718,238.22769
150,319.985122,17.392995793922843,307.5429223432986,332.4273216567014,239.73907
151,322.1607110000001,17.515644486086938,309.6307737543508,334.6906482456494,241.31923
152,324.253153,17.62034650687479,311.648316440711,336.85798955928897,242.89935
153,326.40308799999997,17.775042296038954,313.68758873960786,339.1185872603921,244.44626
154,328.50214500000004,17.915537544282152,315.68614149352106,341.318148506479,245.9932
155,330.6721369999999,18.06261994468813,317.7509170826438,343.593356917356,247.39616
156,332.82814199999996,18.217560684189557,319.7960841546253,345.8601998453746,248.7991
157,334.98696500000005,18.343753939842088,321.8646339377074,348.1092960622927,250.37231
158,337.124624,18.486084970233502,323.90047545218295,350.348772547817,251.9455
159,339.170784,18.662024851833444,325.8207756428448,352.52079235715524,253.53444
160,341.29225499999995,18.790950382738465,327.8500188739559,354.734491126044,255.12344
161,343.438885,18.92505851449944,329.90071369575395,356.9770563042461,256.6439
162,345.60367899999994,19.05234319975976,331.97445371712854,359.23290428287135,258.1643
163,347.769953,19.196796677535122,334.0373919242105,361.50251407578946,259.7566
164,349.808216,19.310585893414462,335.99425502280627,363.62217697719376,261.34888
165,351.936483,19.43477755563925,338.0336806595698,365.8392853404302,263.06445
166,354.07223600000003,19.60393229355342,340.04842764962524,368.0960443503748,264.78006
167,356.24882600000007,19.740707231566056,342.12717475315424,370.3704772468459,266.5299
168,358.337484,19.8513171638868,344.1367071741996,372.5382608258004,268.27975
169,360.44151400000004,20.022527230242552,346.11826087086035,374.7647671291397,269.92178
170,362.629371,20.15386980847127,348.21216105047637,377.0465809495236,271.56378
171,364.790895,20.28717151253485,350.27832675589684,379.3034632441031,273.05005
172,366.924441,20.427715218991878,352.3113338448921,381.5375481551079,274.53625
173,369.098465,20.549612338748638,354.39815789845613,383.7987721015438,276.0302
174,371.205764,20.691959736115013,356.4036277047032,386.0079002952968,277.52417
175,373.41640700000005,20.82824404003961,358.51677878671535,388.31603521328475,279.11578
176,375.588393,20.96642890029997,360.5899132926275,390.5868727073725,280.7074
177,377.701844,21.092869543612338,362.6129141052386,392.7907738947614,282.3797
178,379.83769399999994,21.208978172874072,364.6657049954534,395.0096830045465,284.05197
179,381.94349700000004,21.380602666788665,366.64873522849797,397.2382587715021,285.44165
180,384.11448099999996,21.505979226143623,368.73003024091645,399.49893175908346,286.83118
181,386.224211,21.613118110067855,370.76311770040337,401.6853042995967,288.4401
182,388.36009,21.755453311670824,372.79717623097395,403.9230037690261,290.0491
183,390.48965400000003,21.884719345821182,374.83426888073706,406.145039119263,291.35217
184,392.58583200000004,22.025117678206904,376.83001196407815,408.3416520359219,292.65524
185,394.73454300000003,22.15323440356437,378.88707377982337,410.5820122201767,293.9759
186,396.917056,22.272432440309693,380.9843176410594,412.8497943589406,295.2966
187,399.036068,22.37785661773699,383.0279137276805,415.0442222723195,296.6527
188,401.138499,22.49690557732944,385.04518223228746,417.2318157677126,298.00888
189,403.24152,22.573970374588022,387.09307439736125,419.3899656026387,299.44626
190,405.350646,22.666684798547745,389.1358764938986,421.5654155061014,300.8836
191,407.48881500000005,22.767413477678154,391.2019885376534,423.7756414623467,302.5215
192,409.58763,22.853845223593733,393.23897399131755,425.93628600868243,304.15936
193,411.709112,23.001878475463112,395.25455938227947,428.16366461772054,305.74677
194,413.8533509999999,23.139073278738547,397.30065513229306,430.4060468677068,307.3341
195,416.01058700000004,23.25831068211296,399.37259383233925,432.64858016766084,309.0788
196,418.111239,23.41582131241299,401.3605695151903,434.8619084848097,310.82346
197,420.265686,23.54216502187237,403.4246356701026,437.10673632989744,312.39902
198,422.4258269999999,23.67139539005114,405.4923308337647,439.35932316623513,313.97446
199,424.570702,23.792424097074733,407.55062711237474,441.5907768876252,315.4532
200,426.72166500000003,23.917911196620103,409.6118220491048,443.8315079508953,316.93195
